{"cameraMode":{"drawMode":0,"name":"Shaded","section":"Shading Mode"},"sceneLighting":false,"audioPlay":false,"sceneViewState":{"m_AlwaysRefresh":false,"showFog":true,"showSkybox":false,"showFlares":true,"showImageEffects":true,"showParticleSystems":true,"showVisualEffectGraphs":true,"m_FxEnabled":true},"in2DMode":false,"pivot":{"x":0.05810023844242096,"y":-0.04905575513839722,"z":-0.11166608333587647},"rotation":{"x":0.0927969366312027,"y":-0.8693631887435913,"z":0.17877328395843507,"w":0.45126575231552126},"size":0.17320507764816285,"orthographic":false}