{"cameraMode":{"drawMode":0,"name":"Shaded","section":"Shading Mode"},"sceneLighting":false,"audioPlay":false,"sceneViewState":{"m_AlwaysRefresh":false,"showFog":true,"showSkybox":false,"showFlares":true,"showImageEffects":true,"showParticleSystems":true,"showVisualEffectGraphs":true,"m_FxEnabled":true},"in2DMode":false,"pivot":{"x":-0.1235249936580658,"y":-0.03346523270010948,"z":-0.17969325184822083},"rotation":{"x":-0.010509147308766842,"y":-0.9565474987030029,"z":0.03474742919206619,"w":-0.2893131971359253},"size":0.24423611164093018,"orthographic":false}