{"cameraMode":{"drawMode":0,"name":"Shaded","section":"Shading Mode"},"sceneLighting":true,"audioPlay":false,"sceneViewState":{"m_AlwaysRefresh":false,"showFog":true,"showSkybox":true,"showFlares":true,"showImageEffects":true,"showParticleSystems":true,"showVisualEffectGraphs":true,"m_FxEnabled":true},"in2DMode":false,"pivot":{"x":-0.03791874647140503,"y":0.34125274419784548,"z":2.4088008403778078},"rotation":{"x":0.19091573357582093,"y":0.3968692719936371,"z":-0.08453526347875595,"w":0.8939599394798279},"size":0.21330006420612336,"orthographic":false}