{"cameraMode":{"drawMode":0,"name":"Shaded","section":"Shading Mode"},"sceneLighting":true,"audioPlay":false,"sceneViewState":{"m_AlwaysRefresh":false,"showFog":true,"showSkybox":true,"showFlares":true,"showImageEffects":true,"showParticleSystems":true,"showVisualEffectGraphs":true,"m_FxEnabled":true},"in2DMode":false,"pivot":{"x":-0.41583579778671267,"y":1.7266044616699219,"z":9.859172821044922},"rotation":{"x":-0.1474701464176178,"y":0.4646761119365692,"z":-0.07881779968738556,"w":-0.8695573806762695},"size":0.7528409361839294,"orthographic":false}