{"cameraMode":{"drawMode":0,"name":"Shaded","section":"Shading Mode"},"sceneLighting":false,"audioPlay":false,"sceneViewState":{"m_AlwaysRefresh":false,"showFog":true,"showSkybox":false,"showFlares":true,"showImageEffects":true,"showParticleSystems":true,"showVisualEffectGraphs":true,"m_FxEnabled":true},"in2DMode":false,"pivot":{"x":-0.032211750745773318,"y":0.15808036923408509,"z":-0.163135826587677},"rotation":{"x":0.11121802031993866,"y":-0.8887274265289307,"z":0.31969526410102847,"w":0.3091777563095093},"size":0.3455736041069031,"orthographic":false}